time_raw,Entry Time,SHED2 Set Temp.,Shed2 Temp.,PID SHED2,SHED3 Set Temp.,SHED3 Temp.,PID SHED3,P1,P2,P3,P4,P5,P6,P7,P8,F1,F2,F3,F4,F5,F6,F7,F8,T1,T2,T3,T4,T5,T6,T7,T8,V1,V2,V3,V4,V5,V6,V7,V8,Req. for Exhaust Fan,Exhaust Fan Feedback
2020-09-09 13:59:00.006267,09/Sep/2020_13:59,25,0.0,0,25,0.0,0,0,0,0,0,0,0,0,0,4.728467883928989,4.855791601040433,4.5681562854123605,4.689417334158296,4.586767641972201,4.87086495261831,4.797299612798362,4.713624120047987,45.54265328139642,36.87252187116798,10.019706108621858,12.958320992652219,26.741669877942577,46.881355449732666,47.49161900947766,52.27024273973068,0,0,0,0,0,0,0,0,0,0
