time_raw,Entry Time,SHED2 Set Temp.,Shed2 Temp.,PID SHED2,SHED3 Set Temp.,SHED3 Temp.,PID SHED3,P1,P2,P3,P4,P5,P6,P7,P8,F1,F2,F3,F4,F5,F6,F7,F8,T1,T2,T3,T4,T5,T6,T7,T8,V1,V2,V3,V4,V5,V6,V7,V8,Req. for Exhaust Fan,Exhaust Fan Feedback
2020-09-09 14:18:43.174268,09/Sep/2020_14:18,25,0.0,0,25,0.0,0,0,0,0,0,0,0,0,0,4.5856675986720035,4.93082308650324,4.874903950419546,4.78280754746885,4.7481724447702955,4.598565011066939,4.774451195807004,4.514673870814639,39.98556749153626,16.40525427576229,17.151465391147283,27.380037813469123,55.4031876434119,51.76918954629437,15.056637533595438,18.58812300985936,0,0,0,0,0,0,0,0,0,0
