time_raw,Entry Time,SHED2 Set Temp.,Shed2 Temp.,PID SHED2,SHED3 Set Temp.,SHED3 Temp.,PID SHED3,P1,P2,P3,P4,P5,P6,P7,P8,F1,F2,F3,F4,F5,F6,F7,F8,T1,T2,T3,T4,T5,T6,T7,T8,V1,V2,V3,V4,V5,V6,V7,V8,Req. for Exhaust Fan,Exhaust Fan Feedback
2020-09-11 10:19:30.966211,11/Sep/2020_10:19,25,0.0,0,25.0,0.0,0,0,0,0,0,0,0,0,0,4.696716509606612,4.559307056334381,4.656854439459003,4.9967819020077915,4.622638830497833,4.982538595820211,4.52685756493702,4.665712363650089,56.01526067040542,32.381574546546105,41.55002197076911,12.652028256030848,60.86238565712012,27.76427395559773,24.213094128627517,28.980628213094388,0,0,0,0,0,0,0,0,0,0
