time_raw,Entry Time,SHED2 Set Temp.,Shed2 Temp.,PID SHED2,SHED3 Set Temp.,SHED3 Temp.,PID SHED3,P1,P2,P3,P4,P5,P6,P7,P8,F1,F2,F3,F4,F5,F6,F7,F8,T1,T2,T3,T4,T5,T6,T7,T8,V1,V2,V3,V4,V5,V6,V7,V8,Req. for Exhaust Fan,Exhaust Fan Feedback
2020-09-14 14:34:27.327302,14/Sep/2020_14:34,25,0.0,0,25,0.0,0,0,0,0,0,0,0,0,0,4.552225199684489,4.697619736197763,4.876849053336607,4.566451830394405,4.696961121813479,4.68831957247803,4.583749081161047,4.721656715528842,64.04354602308833,45.09573247628238,50.56057464727199,57.320576712813676,40.2225486167895,60.43188964976813,17.783389118698707,25.87794169717595,0.3,0.0,0.8,10.0,4.8,10.0,0.0,0.0,1,0
