time_raw,Entry Time,SHED2 Set Temp.,Shed2 Temp.,PID SHED2,SHED3 Set Temp.,SHED3 Temp.,PID SHED3,P1,P2,P3,P4,P5,P6,P7,P8,F1,F2,F3,F4,F5,F6,F7,F8,T1,T2,T3,T4,T5,T6,T7,T8,V1,V2,V3,V4,V5,V6,V7,V8,Req. for Exhaust Fan,Exhaust Fan Feedback
2020-09-09 13:58:55.312207,09/Sep/2020_13:58,25,0.0,0,25,0.0,0,0,0,0,0,0,0,0,0,4.757874713519486,4.929002813012174,4.887760300037043,4.959236024693636,4.523744745040314,4.755316163446506,4.675931893428544,4.961784619126341,51.45887472917173,51.590748259775175,10.760707291572505,61.86215228420447,54.48088379956662,23.207952692524643,37.71794302514899,39.69717144734537,0,0,0,0,0,0,0,0,0,0
